[
  {
    "code": "lurin_centro",
    "label": "Lurín Centro",
    "fee": 5.0,
    "eta_min": 35,
    "eta_max": 45,
    "notes": [
      "Plaza de Armas",
      "Av. San Pedro",
      "Av. Ramón Castilla",
      "Av. Lima",
      "Mercado de Lurín"
    ]
  },
  {
    "code": "julio_c_tello",
    "label": "Julio C. Tello",
    "fee": 6.0,
    "eta_min": 40,
    "eta_max": 50,
    "notes": [
      "Av. Julio C. Tello",
      "Jr. Las Flores",
      "AA.HH. Julio C. Tello",
      "Sectores cercanos"
    ]
  },
  {
    "code": "mamacona_las_flores",
    "label": "Mamacona / Las Flores",
    "fee": 7.0,
    "eta_min": 45,
    "eta_max": 55,
    "notes": [
      "Mamacona",
      "Caseta Mamacona",
      "AA.HH. Las Flores",
      "Cruce Pachacámac (zona cercana)"
    ]
  },
  {
    "code": "puente_san_luis",
    "label": "Puente San Luis / Boza (referencial)",
    "fee": 7.0,
    "eta_min": 45,
    "eta_max": 60,
    "notes": [
      "Puente San Luis",
      "Caseta Boza/Bozo (según referencia local)",
      "Cruce Panamericana (cercanos)"
    ]
  }
]